claim_id,claim,theorem_or_section,proof_or_checker,source_or_test,figure_or_table,raw_evidence,maturity,fresh_recheck_and_limits
C01,Exact compilation preserves every declared affine accounting node and interval over the finite integer domain,Paper Lemma 2.1; proofs.md §1,src/checker.py and src/tpeg_checker.py exact Fraction compilers,86 arithmetic cases; 72 TPEG cases; compiler/schema mutations,none,cases/; tpeg_cases/; validation/tests.json,proved in writing; finite-checked,"General proof self-audited, not proof-assistant checked."
C02,TPEG PROVED means a nonempty admitted set and absence of every source-to-bad open path in every admitted state,Paper §2.3; proofs.md §2,src/tpeg_checker.py; src/tpeg_oracle.py,all TPEG cases and direct-oracle comparisons,Fig. 1; Table 1,tpeg_results/; tables/tpeg-summary.json,definition; exact finite-checked,Model-level only.
C03,Declared concrete ownership isolation follows conditionally from evidence coverage and violation-to-path coverage,Paper Theorem 3.1; proofs.md §3,written proof; no processor checker,assumption ledger and hidden-path boundary cases,Fig. 1,proofs.md; literature-boundary.md,proved conditional theorem,Processor-specific refinement premises are not discharged.
C04,Adding an unmodeled open path can invalidate a proof for the original graph,Paper Proposition 3.2; proofs.md §3,written construction,hidden-bypass cases and mutations,none,tpeg_cases/tpeg-049.json through tpeg-056.json,proved; finite-checked examples,No hardware insecurity claim.
C05,A nonnegative exact dual certificate plus admitted witness proves an edge residual universally zero,Paper §4.3; proofs.md §4.1,src/checker.py linear certificate checker,accepted certificates and multiplier/witness mutations,none,results/certificates/; validation/tests.json,proved; finite-checked,"Classical Farkas mechanism, not claimed novel."
C06,A strict bound below a valid affine lattice quantum proves a nonnegative residual is zero,Paper §4.3; proofs.md §4.2,src/checker.py quantized checker,strict/equality boundary regressions,none,cases/; results/; validation/tests.json,proved; finite-checked,Strict inequality is required.
C07,A valid uniform-cut certificate proves all admitted states path-safe,Paper Theorem 4.2; proofs.md §5,src/tpeg_checker.py uniform-cut path,36 certificates; omitted/extra/wrong-edge and cut mutations,Fig. 1; Table 1,tpeg_results/certificates/; validation/tests.json,proved; finite-checked,Depends on local zero proofs for every outgoing cut edge.
C08,A uniform cut exists exactly when deleting universally closed edges separates source from every bad vertex,Paper Theorem 4.3; proofs.md §5,producer characterization plus independent meta-check,"40 tiny DAGs; 2,865 signature antichains",none,validation/meta-check.json,proved; exhaustively checked in declared tiny space,Not a characterization for unmodeled graph extensions.
C09,Path safety is downward closed under deleting open edges,Paper Lemma 5.1; proofs.md §6,written graph proof,signature-cover tests,Fig. 2,validation/tests.json,proved,Elementary graph fact.
C10,Checking exactly all maximal admitted signatures is sound and complete for the bounded finite model,Paper Theorem 5.2 and §6; proofs.md §6,src/tpeg_checker.py signature-cover enumeration,6 certificates; omitted/extra/unrealized/reachability mutations; meta-check,Fig. 2; Table 1,tpeg_results/certificates/; validation/tests.json; validation/meta-check.json,proved; exact finite-checked,Completeness is relative to the declared finite grid and exact antichain representation.
C11,"The alternating two-edge-path family is safe, has no uniform cut, and has 2^n maximal signatures",Paper Theorem 5.3; proofs.md §7,deterministic generator; checker and oracle,n=1..6 retained cases,Fig. 4,tpeg_cases/tpeg-039.json through tpeg-044.json; tables/tpeg-scaling.csv,proved; finite-checked instances,"Lower bound applies to this exact representation, not every symbolic proof system."
C12,The bounded producer returns the exact three-way decision and a checker-verifiable positive certificate,Paper Proposition 6.1; proofs.md §8,src/tpeg_producer.py; strict checker; direct oracle,all 72 models,none,tpeg_results/; validation/clean-reproduction.json,proved under parser/state bounds; finite-checked,Local arithmetic construction must terminate within its declared cap.
C13,"The 72-model corpus splits into 42 proved, 22 insufficient, and 8 inconsistent cases",Paper abstract and §8.1,run_tpeg_cases.py; summarize_tpeg.py; direct oracle,all fixed TPEG cases,Table 1,tables/tpeg-summary.json; tables/tpeg-families.csv,measured; exact finite-checked,Owned synthetic models only.
C14,"Sink-adjacent zero proves 12 models, uniform cuts 36, and signature covers six additional models",Paper abstract and §8.1,producer and summarizer,all fixed TPEG cases,Fig. 3; Table 1,tables/tpeg-methods.csv; tables/tpeg-summary.json,measured; exact finite-checked,"Method comparison is exact expressiveness on this corpus, not statistical performance."
C15,"The independent oracle enumerates 49,258 states, of which 31,197 are admitted and 62 unsafe",Paper §8.2,src/tpeg_oracle.py; summarize_tpeg.py,all TPEG cases,Table 1,tables/tpeg-summary.json,measured,Counts are sums across deterministic cases.
C16,"The largest retained model has 4,096 states and the largest signature cover has 64 entries and 13,277 bytes",Paper §8.3,case runner and summarizer,alternating family endpoint,Fig. 4,tables/tpeg-summary.json; tables/tpeg-scaling.csv,measured,Not a full-schema scalability benchmark.
C17,Seventy-four test methods make 289 checker calls with 174 accepted and 115 rejected as intended,Paper §8.4,run_tests.py; tests/,fixed mutation suite,none,validation/tests.json; validation/tests.txt,finite-checked,"Predetermined logical tests, not random coverage."
C18,"The exhaustive tiny meta-check validates both certificate characterizations across 2,865 antichains",Paper §8.4,exhaustive_meta.py,"40 DAGs; 2,865 antichains; 7,398 signature members",none,validation/meta-check.json,exhaustively checked for declared generator,Does not replace general proofs.
C19,"The exhaustive arithmetic meta-check agrees on all 3,915 generated systems and exercises every decision and certificate kind",Paper §8.4; proofs.md §9,exhaustive_arithmetic_meta.py; src/producer.py; src/checker.py; direct finite semantics,"3,375 one-input and 540 two-input systems; 11,160 finite states",none,validation/arithmetic-meta-check.json,exhaustively checked for declared small generator,"1,222 PROVED, 941 INSUFFICIENT, 1,752 INCONSISTENT; does not replace the written general arithmetic arguments."
C20,Clean offline staged reproduction regenerates all retained mathematical evidence and tables,Supplement §3; README,reproduce.py,fresh isolated four-stage clean run,all paper tables/plots,validation/clean-reproduction.json,measured; PASS,"87.456036784 cumulative CPU s, one worker, 95,400 KiB peak RSS; paper build and PDF rendering checked separately."
C21,"The results do not establish event semantics, path completeness, full noninterference, or security of a deployed processor",Paper §3 and §8.9; proofs.md §10,scope theorem and explicit exclusions,hidden-bypass/wide-path controls; related-work boundary,none,literature-boundary.md; protocol.md,explicit limitation,"External submission needs accountable human review, a concrete refinement/path-coverage case study for stronger architecture claims, and current policy compliance."
