name,scholarly_or_official_url,license,access_date,resource_type,acquisition_method,integration_mode,supported_claim,internals_modified
Optimizing Memory Translation Emulation in Full System Emulators,https://doi.org/10.1145/2686034,not redistributed; rights remain with publisher/authors,2026-09-15,scholarly publication,"publisher full text or author manuscript; substantive arc inspected (problem, mechanism/theorem, evidence, limitations, figure/table roles)",not copied or redistributed; scholarly citation and narrative/method calibration only,TACO calibration article: bottleneck decomposition and mechanism evaluation,no
The Impact of Page Size and Microarchitecture on Instruction Address Translation Overhead,https://doi.org/10.1145/3600089,not redistributed; rights remain with publisher/authors,2026-09-15,scholarly publication,"publisher full text or author manuscript; substantive arc inspected (problem, mechanism/theorem, evidence, limitations, figure/table roles)",not copied or redistributed; scholarly citation and narrative/method calibration only,TACO calibration article: counter interpretation tied to microarchitecture and caveats,no
Intermediate Address Space: Virtual Memory Optimization of Heterogeneous Architectures for Cache-Resident Workloads,https://doi.org/10.1145/3659207,not redistributed; rights remain with publisher/authors,2026-09-15,scholarly publication,"publisher full text or author manuscript; substantive arc inspected (problem, mechanism/theorem, evidence, limitations, figure/table roles)",not copied or redistributed; scholarly citation and narrative/method calibration only,"TACO calibration article: architecture overview, operation, and sensitivity",no
Fence Placement for Legacy Data-Race-Free Programs via Synchronization Read Detection,https://doi.org/10.1145/2835179,not redistributed; rights remain with publisher/authors,2026-09-15,scholarly publication,"publisher full text or author manuscript; substantive arc inspected (problem, mechanism/theorem, evidence, limitations, figure/table roles)",not copied or redistributed; scholarly citation and narrative/method calibration only,"TACO calibration article: conservative rule, proof, implementation, and cost",no
HRF-Relaxed: Adapting HRF to the Complexities of Industrial Heterogeneous Memory Models,https://doi.org/10.1145/2701618,not redistributed; rights remain with publisher/authors,2026-09-15,scholarly publication,"publisher full text or author manuscript; substantive arc inspected (problem, mechanism/theorem, evidence, limitations, figure/table roles)",not copied or redistributed; scholarly citation and narrative/method calibration only,TACO calibration article: formal model scope and industrial complexity,no
PCantorSim: Accelerating Parallel Architecture Simulation through Fractal-Based Sampling,https://doi.org/10.1145/2541228.2555305,not redistributed; rights remain with publisher/authors,2026-09-15,scholarly publication,"publisher full text or author manuscript; substantive arc inspected (problem, mechanism/theorem, evidence, limitations, figure/table roles)",not copied or redistributed; scholarly citation and narrative/method calibration only,"TACO calibration article: bounded sampling, accuracy, and cost tradeoff",no
Tyche: An Efficient and General Prefetcher for Indirect Memory Accesses,https://doi.org/10.1145/3641853,not redistributed; rights remain with publisher/authors,2026-09-15,scholarly publication,"publisher full text or author manuscript; substantive arc inspected (problem, mechanism/theorem, evidence, limitations, figure/table roles)",not copied or redistributed; scholarly citation and narrative/method calibration only,"TACO calibration article: structural specialization, comparison, and sensitivity",no
A Relational Theory of Locality,https://doi.org/10.1145/3341109,not redistributed; rights remain with publisher/authors,2026-09-15,scholarly publication,"publisher full text or author manuscript; substantive arc inspected (problem, mechanism/theorem, evidence, limitations, figure/table roles)",not copied or redistributed; scholarly citation and narrative/method calibration only,"TACO calibration article: definitions, conversion theorems, and unifying view",no
CASHT: Contention Analysis in Shared Hierarchies with Thefts,https://doi.org/10.1145/3494538,not redistributed; rights remain with publisher/authors,2026-09-15,scholarly publication,"publisher full text or author manuscript; substantive arc inspected (problem, mechanism/theorem, evidence, limitations, figure/table roles)",not copied or redistributed; scholarly citation and narrative/method calibration only,"TACO calibration article: evidence signals, overhead, and robustness",no
SPX64: A Scratchpad Memory for General-Purpose Microprocessors,https://doi.org/10.1145/3436730,not redistributed; rights remain with publisher/authors,2026-09-15,scholarly publication,"publisher full text or author manuscript; substantive arc inspected (problem, mechanism/theorem, evidence, limitations, figure/table roles)",not copied or redistributed; scholarly citation and narrative/method calibration only,"TACO calibration article: architecture interface, mechanism, and evaluation",no
DLAS: A Conceptual Model for Across-Stack Deep Learning Acceleration,https://doi.org/10.1145/3688609,not redistributed; rights remain with publisher/authors,2026-09-15,scholarly publication,"publisher full text or author manuscript; substantive arc inspected (problem, mechanism/theorem, evidence, limitations, figure/table roles)",not copied or redistributed; scholarly citation and narrative/method calibration only,TACO calibration article: cross-layer conceptual stack and limits of local changes,no
Just-In-Time Compilation on ARM—A Closer Look at Call-Site Code Consistency,https://doi.org/10.1145/3546568,not redistributed; rights remain with publisher/authors,2026-09-15,scholarly publication,"publisher full text or author manuscript; substantive arc inspected (problem, mechanism/theorem, evidence, limitations, figure/table roles)",not copied or redistributed; scholarly citation and narrative/method calibration only,TACO calibration article: precise consistency obligation and engineering guidance,no
Abstract Interpretation: A Unified Lattice Model for Static Analysis of Programs by Construction or Approximation of Fixpoints,https://doi.org/10.1145/512950.512973,not redistributed; rights remain with publisher/authors,2026-09-15,scholarly publication,"publisher full text or author manuscript; substantive arc inspected (problem, mechanism/theorem, evidence, limitations, figure/table roles)",not copied or redistributed; scholarly citation and narrative/method calibration only,Sound abstraction and explicit imprecision,no
Counterexample-Guided Abstraction Refinement,https://doi.org/10.1007/10722167_15,not redistributed; rights remain with publisher/authors,2026-09-15,scholarly publication,"publisher full text or author manuscript; substantive arc inspected (problem, mechanism/theorem, evidence, limitations, figure/table roles)",not copied or redistributed; scholarly citation and narrative/method calibration only,Spurious counterexamples motivate refinement rather than unsound acceptance,no
Hyperproperties,https://doi.org/10.3233/JCS-2009-0393,not redistributed; rights remain with publisher/authors,2026-09-15,scholarly publication,"publisher full text or author manuscript; substantive arc inspected (problem, mechanism/theorem, evidence, limitations, figure/table roles)",not copied or redistributed; scholarly citation and narrative/method calibration only,Unary safety does not establish relational security hyperproperties,no
Proof-Carrying Code,https://doi.org/10.1145/263699.263712,not redistributed; rights remain with publisher/authors,2026-09-15,scholarly publication,"publisher full text or author manuscript; substantive arc inspected (problem, mechanism/theorem, evidence, limitations, figure/table roles)",not copied or redistributed; scholarly citation and narrative/method calibration only,Untrusted producer and policy-specific verifier pattern,no
Certifying Algorithms,https://doi.org/10.1016/j.cosrev.2010.09.009,not redistributed; rights remain with publisher/authors,2026-09-15,scholarly publication,"publisher full text or author manuscript; substantive arc inspected (problem, mechanism/theorem, evidence, limitations, figure/table roles)",not copied or redistributed; scholarly citation and narrative/method calibration only,Independently checkable witnesses for algorithmic outputs,no
CounterPoint: Using Hardware Event Counters to Refute and Refine Microarchitectural Assumptions,https://doi.org/10.1145/3779212.3790145,CC BY 4.0 (article first page),2026-09-16,scholarly publication,"publisher/DBLP metadata and author full text; model, evidence interpretation, limitations, author order, DOI, and pages inspected",not copied or redistributed; scholarly citation and narrative/method calibration only,Counter/model compatibility through μDD feasible regions and noisy-counter confidence regions; does not itself supply a universal path-isolation lifting theorem,no
PipeCheck: Specifying and Verifying Microarchitectural Enforcement of Memory Consistency Models,https://doi.org/10.1109/MICRO.2014.38,not redistributed; rights remain with publisher/authors,2026-09-15,scholarly publication,"publisher full text or author manuscript; substantive arc inspected (problem, mechanism/theorem, evidence, limitations, figure/table roles)",not copied or redistributed; scholarly citation and narrative/method calibration only,Graph-based microarchitectural enforcement and verification,no
COATCheck: Verifying Memory Ordering at the Hardware–OS Interface,https://doi.org/10.1145/2872362.2872399,not redistributed; rights remain with publisher/authors,2026-09-15,scholarly publication,"publisher full text or author manuscript; substantive arc inspected (problem, mechanism/theorem, evidence, limitations, figure/table roles)",not copied or redistributed; scholarly citation and narrative/method calibration only,Cross-layer hardware–OS ordering obligations,no
RTLCheck: Verifying the Memory Consistency of RTL Designs,https://doi.org/10.1145/3123939.3124536,not redistributed; rights remain with publisher/authors,2026-09-15,scholarly publication,"publisher full text or author manuscript; substantive arc inspected (problem, mechanism/theorem, evidence, limitations, figure/table roles)",not copied or redistributed; scholarly citation and narrative/method calibration only,Connecting abstract memory-order obligations to RTL behavior,no
RTL2MμPATH: Multi-μPATH Synthesis with Applications to Hardware Security Verification,https://doi.org/10.1109/MICRO61859.2024.00045,not redistributed; rights remain with publisher/authors,2026-09-15,scholarly publication,"publisher full text or author manuscript; substantive arc inspected (problem, mechanism/theorem, evidence, limitations, figure/table roles)",not copied or redistributed; scholarly citation and narrative/method calibration only,RTL-derived path synthesis as a route to path-coverage evidence,no
Verifying Integer Programming Results,https://doi.org/10.1007/978-3-319-59250-3_13,not redistributed; rights remain with publisher/authors,2026-09-15,scholarly publication,"primary article/book; targeted theorem, definition, method, or boundary passages inspected",not copied or redistributed; focused technical comparison only,"Established linear-combination, rounding, and branching certificate rules",no
VIPR Certificate Construction from Black-Box ILP Solvers,https://doi.org/10.4230/LIPIcs.CP.2026.52,CC BY 4.0,2026-09-15,scholarly publication,"primary article/book; targeted theorem, definition, method, or boundary passages inspected",not copied or redistributed; focused technical comparison only,Current exact rational certificate construction; not executed as a baseline,no
A Formalization of Convex Polyhedra Based on the Simplex Method,https://doi.org/10.48550/arXiv.1706.10269,arXiv manuscript; not redistributed,2026-09-15,scholarly publication,"primary article/book; targeted theorem, definition, method, or boundary passages inspected",not copied or redistributed; focused technical comparison only,Formal convex-polyhedral foundations; local LP rule is classical,no
Theory of Linear and Integer Programming,https://www.wiley.com/en-us/Theory+of+Linear+and+Integer+Programming-p-9780471982326,not redistributed; rights remain with publisher/authors,2026-09-15,scholarly publication,"primary article/book; targeted theorem, definition, method, or boundary passages inspected",not copied or redistributed; focused technical comparison only,Classical Farkas and integer-programming foundations,no
Alloy: A Lightweight Object Modelling Notation,https://doi.org/10.1145/505145.505149,not redistributed; rights remain with publisher/authors,2026-09-15,scholarly publication,"primary article/book; targeted theorem, definition, method, or boundary passages inspected",not copied or redistributed; focused technical comparison only,Bounded relational analysis with explicit scope,no
Hardware–Software Contracts for Secure Speculation,https://doi.org/10.1109/SP40001.2021.00036,not redistributed; rights remain with publisher/authors,2026-09-29,scholarly publication,"primary article/book; targeted theorem, definition, method, or boundary passages inspected",not copied or redistributed; focused technical comparison only,Relational hardware–software contract obligations beyond unary path safety,no
Synthesis of Sound and Precise Leakage Contracts for Open-Source RISC-V Processors,https://doi.org/10.1145/3719027.3765148,not redistributed; rights remain with publisher/authors,2026-09-16,scholarly publication,"published ACM CCS record and author manuscript; targeted theorem, method, and boundary passages inspected",not copied or redistributed; focused technical comparison only,Published processor-semantics and leakage-contract synthesis work; distinct from conditional unary path certificates,no
Understanding Address Translation Scaling Behaviours Using Hardware Performance Counters,https://doi.org/10.1109/IISWC63097.2024.00029,not redistributed; rights remain with publisher/authors,2026-09-15,scholarly publication,"primary article/book; targeted theorem, definition, method, or boundary passages inspected",not copied or redistributed; focused technical comparison only,Address-translation counter interpretation and scaling context,no
Fast & Safe IO Memory Protection,https://doi.org/10.1145/3694715.3695943,not redistributed; rights remain with publisher/authors,2026-09-15,scholarly publication,"primary article/book; targeted theorem, definition, method, or boundary passages inspected",not copied or redistributed; focused technical comparison only,Concrete IOMMU isolation mechanism context; no claim that TPEG verifies it,no
ACM acmart v2.20 class and bibliography style,https://github.com/borisveytsman/acmart/releases/tag/v2.20,LaTeX Project Public License 1.3c or later,2026-09-16,publisher template,matched supplied files to class identifier and public maintainer release,unmodified supplied assets retained in paper/,ACM acmsmall anonymous review formatting family,no
Python standard-library fractions module,https://docs.python.org/3/library/fractions.html,Python Software Foundation License; runtime not redistributed,2026-09-15,execution dependency,preinstalled standard library; no scientific input downloaded,ordinary exact-arithmetic dependency; no vendored runtime,Exact rational arithmetic used by checker and oracle,no
ACM Transactions on Architecture and Code Optimization author guidelines,https://dl.acm.org/journal/taco/author-guidelines,official publisher guidance; not redistributed,2026-09-16,venue rule,direct live fetch attempted and returned HTTP 403 in this environment; no unsupported live-rule claim substituted,internal draft follows the supplied venue contract; external submission remains blocked pending a human live recheck,documents the unresolved external-use hold rather than asserting that stored page/anonymity rules are current,no
ACM Policy on Authorship (May 2026 policy locator),https://www.acm.org/publications/policies/new-acm-policy-on-authorship,official publisher policy; not redistributed,2026-09-16,publisher policy,direct policy fetch returned HTTP 403; current ACM conference pages quoting the policy were compared,policy boundary and external-use hold only; not a scholarly manuscript reference,research-lifecycle AI use must be described in the methods; writing-only assistance no longer requires disclosure under the quoted current central policy; authors remain accountable,no
ACM submission template and author workflow,https://www.acm.org/publications/authors/submissions,official publisher guidance; supplied class remains under LPPL,2026-09-16,publisher template guidance,direct live fetch attempted and returned HTTP 403; supplied acmart v2.20 assets inspected structurally and kept unmodified,unmodified supplied class and bibliography style in paper/; external live recheck required,template provenance and unresolved live-workflow hold,no
