pairs,binary_variables,allowed_states,maximal_signatures,canonical_bad_paths,path_budget_witness_rows,path_budget_certificate_bytes
1,2,3,2,1,1,98
2,4,9,4,1,2,123
3,6,27,8,1,3,148
4,8,81,16,1,4,173
5,10,243,32,1,5,198
6,12,729,64,1,6,223
7,14,2187,128,1,7,248
8,16,6561,256,1,8,273
9,18,19683,512,1,9,298
10,20,59049,1024,1,10,324
11,22,177147,2048,1,11,352
12,24,531441,4096,1,12,380
13,26,1594323,8192,1,13,408
14,28,4782969,16384,1,14,436
15,30,14348907,32768,1,15,464
16,32,43046721,65536,1,16,492
