pairs,binary_variables,explicit_bad_paths,allowed_states_symbolic,maximal_signatures_symbolic,witness_rows,certificate_bytes,median_check_cpu_us,p95_check_cpu_us,repetitions
1,2,1,3^1,2^1,1,189,0.972,1.142,101
2,4,1,3^2,2^2,2,273,1.432,1.553,101
4,8,1,3^4,2^4,4,441,2.354,2.474,101
8,16,1,3^8,2^8,8,778,4.217,4.377,101
16,32,1,3^16,2^16,16,1481,7.751,8.593,101
32,64,1,3^32,2^32,32,2905,15.183,17.987,101
64,128,1,3^64,2^64,64,5754,29.494,50.385,101
128,256,1,3^128,2^128,128,11591,59.127,101.65,101
256,512,1,3^256,2^256,256,23623,118.325,241.538,101
512,1024,1,3^512,2^512,512,47688,252.333,344.841,31
1024,2048,1,3^1024,2^1024,1024,95937,538.628,838.872,31
2048,4096,1,3^2048,2^2048,2048,197313,1207.968,1402.636,31
4096,8192,1,3^4096,2^4096,4096,400065,2463.636,2880.122,31
